{"dims": ["y", "x"], "attrs": {"transform": [0.01, 0.0, 37.44500076293945, 0.0, 0.01, 55.645001525878904], "crs": "+init=epsg:32718", "res": [0.01, -0.01], "is_tiled": 0, "nodatavals": [NaN], "scales": [1.0], "offsets": [0.0], "AREA_OR_POINT": "Area"}, "data": [[265.4341108436565, 267.9301663864899, 270.4262219293305, 272.9222774721711, 275.41833301501174, 277.91438855785236, 280.410444100693, 282.9064996435336, 285.40255518636695, 287.8986107292076, 290.39407823295915, 290.44314632374517, 290.4922144145312, 290.54128250532085, 290.5903505961069, 290.63941868689653, 290.68848677768256, 290.7375548684722, 290.78662295925824, 290.8356910500479, 290.8847591408339, 286.3807703141191, 281.8765420391518, 277.37231376418447, 272.8680854892135, 268.36385721424983, 263.8596289392825, 259.35540066431156, 254.85117238934424, 250.34694411437692, 245.84289588345928, 243.42433023151534, 241.00576457957504, 238.58719892763293, 236.16863327569263, 233.7500676237487, 231.3315019718084, 228.91293631986628, 226.49437066792416, 224.07580501598204], [271.8741138954574, 274.37016943829076, 276.8662249811314, 279.362280523972, 281.8583360668126, 284.35439160965325, 286.85044715249387, 289.3465026953345, 291.84255823816784, 294.3385097760329, 296.36879741388475, 293.57914083049764, 293.62820892128366, 293.6772770120733, 293.72634510285934, 293.775413193649, 293.824481284435, 293.8735493752247, 293.9226174660107, 293.97168555680037, 294.0207536475864, 289.5167648208716, 285.01253654590425, 280.50830827093694, 276.004079995966, 271.4998517210023, 266.995623446035, 262.491395171064, 257.9871668960967, 253.48306971274724, 249.86809862935752, 245.9587439035986, 243.5401782516583, 241.12161259971617, 238.70304694777587, 236.28448129583194, 233.86591564389164, 231.44734999194952, 229.0287843400074, 226.6102186880653], [278.3141169472583, 280.8101724900989, 283.30622803293954, 285.80228357578017, 288.2983391186208, 290.7943946614614, 293.29045020430203, 295.78650574714266, 298.2824572850004, 300.31359484507993, 302.3438824829318, 299.55396831165854, 296.7642034280325, 296.81327151882215, 296.86233960960817, 296.91140770039783, 296.96047579118385, 297.0095438819735, 297.05861197275954, 297.1076800635492, 297.1567481543352, 292.6527593276204, 288.1485310526531, 283.64430277768577, 279.1400745027148, 274.63584622775113, 270.1316179527838, 265.62738967781286, 261.123292494467, 257.5083508602256, 253.8933797768359, 249.98394664949683, 246.07459192374154, 243.65602627179942, 241.23746061985912, 238.81889496791518, 236.4003293159749, 233.98176366403277, 231.56319801209065, 229.14463236014853], [284.75411999907374, 287.2501755419071, 289.7462310847477, 292.2422866275883, 294.73834217042895, 297.2343977132696, 299.7304532561102, 302.22640479396796, 304.25754235405475, 306.28867991413426, 308.31896755198613, 305.52905338071287, 302.7391392094396, 299.94926602557825, 299.9983341163643, 300.04740220715394, 300.09647029793996, 300.1455383887296, 300.19460647951564, 300.2436745703053, 300.2927426610913, 295.7887538343765, 291.2845255594092, 286.7802972844419, 282.2760690094709, 277.77184073450724, 273.2676124595399, 268.7635152761886, 265.14857364194904, 261.53363200770764, 257.9186609243179, 254.00922779697885, 250.09979466964342, 246.19043994388448, 243.7718742919442, 241.35330864000025, 238.93474298805995, 236.51617733611783, 234.09761168417572, 231.6790460322336], [291.1941230508746, 293.69017859370797, 296.1862341365486, 298.6822896793892, 301.17834522222984, 303.67440076507046, 306.1703523029355, 308.201489863015, 310.2326274231018, 312.2637649831813, 314.2940526210332, 311.5041384497599, 308.71422427848665, 305.92431010720975, 303.13439593593284, 303.18339671390277, 303.2324648046888, 303.28153289547845, 303.33060098626447, 303.37966907705413, 303.42873716784015, 298.92474834112534, 294.420520066158, 289.9162917911907, 285.41206351621975, 280.90783524125607, 276.4037380579066, 272.78879642366337, 269.1738547894238, 265.5589131551824, 261.94394207179266, 258.0345089444536, 254.12507581711816, 250.21564268978273, 246.30628796402743, 243.8877223120835, 241.4691566601432, 239.05059100820108, 236.63202535625896, 234.21345970431685], [297.6341261026755, 300.13018164550886, 302.6262371883495, 305.1222927311901, 307.6183482740307, 310.1142998118885, 312.1454373719753, 314.1765749320548, 316.2077124921416, 318.2388500522211, 320.26913769007297, 317.4792235187997, 314.68930934752643, 311.8993951762495, 309.1094810049726, 306.3195668336957, 306.36845931144126, 306.4175274022309, 306.46659549301694, 306.5156635838066, 306.5647316745926, 302.0607428478778, 297.5565145729105, 293.05228629794317, 288.5480580229722, 284.0439608396264, 280.429019205385, 276.81407757114175, 273.19913593690217, 269.58419430266076, 265.96922321927104, 262.059790091932, 258.15035696459654, 254.2409238372611, 250.33149070992567, 246.42213598416674, 244.00357033222645, 241.58500468028433, 239.1664390283422, 236.7478733764001], [304.0741291544764, 306.570184697317, 309.06624024015764, 311.56229578299826, 314.0582473208633, 316.0893848809501, 318.1205224410296, 320.1516600011091, 322.1827975611959, 324.2139351212754, 326.2442227591273, 323.45430858785403, 320.66439441658076, 317.87448024530386, 315.08456607402695, 312.29465190275005, 309.50473773147314, 309.5535219089834, 309.6025899997694, 309.65165809055907, 309.7007261813451, 305.1967373546303, 300.69250907966295, 296.18828080469564, 291.684183621348, 288.0692419871084, 284.454300352867, 280.83935871862377, 277.2244170843842, 273.6094754501428, 269.99450436675306, 266.085071239414, 262.17563811207856, 258.2662049847431, 254.3567718574077, 250.44733873006862, 246.5379840043115, 244.1194183523694, 241.70085270042728, 239.28228704848516], [310.5141322062773, 313.0101877491179, 315.5062432919585, 318.00219482983084, 320.03333238991036, 322.06446994999715, 324.09560751007666, 326.1267450701562, 328.15788263024297, 330.1890201903225, 332.21930782817435, 329.4293936569011, 326.6394794856278, 323.8495653143509, 321.059651143074, 318.2697369717971, 315.4798228005202, 312.6899086292433, 312.7385845065219, 312.78765259731153, 312.83672068809756, 308.33273186138274, 303.8285035864154, 299.3244064030696, 295.70946476882636, 292.0945231345868, 288.4795815003454, 284.86463986610215, 281.24969823186257, 277.63475659762116, 274.01978551423144, 270.1103523868924, 266.20091925955694, 262.2914861322215, 258.3820530048861, 254.472619877547, 250.56318675021157, 246.65383202445264, 244.23526637251052, 241.8167007205684], [316.9541352580927, 319.45019080092607, 321.94614233878383, 323.9772798988706, 326.00841745895013, 328.03955501902965, 330.07069257911644, 332.10183013919595, 334.13296769928274, 336.16410525936226, 338.19439289721413, 335.40447872594086, 332.6145645546676, 329.8246503833907, 327.0347362121138, 324.2448220408369, 321.45490786956, 318.66499369828307, 315.8750795270098, 315.923647104064, 315.97271519485, 311.4687263681352, 306.96462918478574, 303.34968755054433, 299.7347459163011, 296.1198042820615, 292.5048626478201, 288.8899210135769, 285.2749793793373, 281.6600377450959, 278.0450666617062, 274.1356335343671, 270.2262004070317, 266.31676727969625, 262.4073341523608, 258.49790102502175, 254.58846789768631, 250.67903477035088, 246.76968004459377, 244.35111439265165], [323.3941383098936, 325.89008984775137, 327.9212274078309, 329.9523649679177, 331.9835025279972, 334.0146400880767, 336.0457776481635, 338.076915208243, 340.1080527683298, 342.1391903284093, 344.1694779662612, 341.3795637949879, 338.58964962371465, 335.79973545243774, 333.00982128116084, 330.21990710988393, 327.42999293860703, 324.6400787673301, 321.85016459605686, 319.06025042477995, 319.1087097016025, 314.6048519665037, 310.9899103322641, 307.3749686980227, 303.7600270637795, 300.1450854295399, 296.5301437952985, 292.9152021610553, 289.3002605268157, 285.6853188925743, 282.07034780918457, 278.1609146818455, 274.25148155451006, 270.34204842717463, 266.4326152998392, 262.5231821725001, 258.6137490451647, 